{
  "experiment_args": {
    "plot_all": false,
    "privacy": 1.0,
    "test_range": 0.2,
    "n_checks": 9,
    "batch_number": 5,
    "threshold": 0.9
  },
  "x_test": [
    70,
    138,
    72,
    133,
    83,
    133,
    106,
    84,
    119,
    72
  ],
  "measured_epsilon": [
    0.3999999999999999,
    1.2,
    1.0,
    1.2,
    0.6,
    1.2,
    1.0,
    0.3999999999999999,
    1.4,
    1.2
  ],
  "avg_epsilon": 0.96
}